{"stats":{"minecraft:dropped":{"minecraft:trident":2,"minecraft:spruce_trapdoor":1,"minecraft:torch":2,"minecraft:honeycomb":1,"minecraft:magenta_glazed_terracotta":1,"minecraft:debug_stick":2},"minecraft:picked_up":{"minecraft:magenta_glazed_terracotta":1,"minecraft:ladder":6,"minecraft:red_glazed_terracotta":1,"minecraft:torch":2,"minecraft:diamond_block":1,"minecraft:magenta_concrete":1},"minecraft:used":{"minecraft:glass":22,"minecraft:trident":39,"minecraft:water_bucket":16,"minecraft:honeycomb":20,"minecraft:firework_rocket":226,"minecraft:pink_glazed_terracotta":380,"minecraft:orange_concrete":17,"minecraft:cut_copper_slab":128,"minecraft:red_concrete":10,"minecraft:ladder":20,"minecraft:quartz_block":9,"minecraft:magenta_concrete":476,"minecraft:spruce_trapdoor":146,"minecraft:red_glazed_terracotta":275,"minecraft:bedrock":48,"minecraft:debug_stick":65,"minecraft:diamond_block":144,"minecraft:waxed_cut_copper_slab":9,"minecraft:emerald_block":103,"minecraft:orange_glazed_terracotta":63,"minecraft:magenta_glazed_terracotta":358,"minecraft:warped_planks":56,"minecraft:stripped_spruce_wood":38},"minecraft:custom":{"minecraft:time_since_rest":5734,"minecraft:sprint_one_cm":255485,"minecraft:damage_taken":3336,"minecraft:walk_one_cm":46721,"minecraft:drop":8,"minecraft:damage_dealt":9,"minecraft:fly_one_cm":1350781,"minecraft:crouch_one_cm":49015,"minecraft:play_time":274908,"minecraft:deaths":1076,"minecraft:sneak_time":24971,"minecraft:walk_under_water_one_cm":511,"minecraft:jump":823,"minecraft:aviate_one_cm":1248121,"minecraft:leave_game":4,"minecraft:walk_on_water_one_cm":24366,"minecraft:time_since_death":5733,"minecraft:total_world_time":364359,"minecraft:climb_one_cm":9222,"minecraft:fall_one_cm":22903}},"DataVersion":2975}